{
    "$schema": "http://json-schema.org/draft-07/schema",
    "$id": "https://raw.githubusercontent.com//home/ubuntu/volume/test_nextflow/kf_alignment_nf/master/nextflow_schema.json",
    "title": "/home/ubuntu/volume/test_nextflow/kf_alignment_nf pipeline parameters",
    "description": "",
    "type": "object",
    "definitions": {
        "input_output_options": {
            "title": "Input/output options",
            "type": "object",
            "fa_icon": "fas fa-terminal",
            "description": "Define where the pipeline should find input data and save output data.",
            "properties": {}
        },
        "reference_genome_options": {
            "title": "Reference genome options",
            "type": "object",
            "fa_icon": "fas fa-dna",
            "description": "Reference genome related files and options required for the workflow.",
            "properties": {}
        },
        "institutional_config_options": {
            "title": "Institutional config options",
            "type": "object",
            "fa_icon": "fas fa-university",
            "description": "Parameters used to describe centralised config profiles. These should not be edited.",
            "help_text": "The centralised nf-core configuration profiles use a handful of pipeline parameters to describe themselves. This information is then printed to the Nextflow log when you run a pipeline. You should not need to change these values when you run a pipeline.",
            "properties": {}
        },
        "max_job_request_options": {
            "title": "Max job request options",
            "type": "object",
            "fa_icon": "fab fa-acquisitions-incorporated",
            "description": "Set the top limit for requested resources for any single job.",
            "help_text": "If you are running on a smaller system, a pipeline step requesting more resources than are available may cause the Nextflow to stop the run with an error. These options allow you to cap the maximum resources requested by any single job so that the pipeline will run on your system.\n\nNote that you can not _increase_ the resources requested by any job using these options. For that you will need your own configuration file. See [the nf-core website](https://nf-co.re/usage/configuration) for details.",
            "properties": {}
        },
        "generic_options": {
            "title": "Generic options",
            "type": "object",
            "fa_icon": "fas fa-file-import",
            "description": "Less common options for the pipeline, typically set in a config file.",
            "help_text": "These options are common to all nf-core pipelines and allow you to customise some of the core preferences for how the pipeline runs.\n\nTypically these options would be set in a Nextflow config file loaded for all pipeline runs, such as `~/.nextflow/config`.",
            "properties": {}
        }
    },
    "allOf": [
        {
            "$ref": "#/definitions/input_output_options"
        },
        {
            "$ref": "#/definitions/reference_genome_options"
        },
        {
            "$ref": "#/definitions/institutional_config_options"
        },
        {
            "$ref": "#/definitions/max_job_request_options"
        },
        {
            "$ref": "#/definitions/generic_options"
        }
    ],
    "properties": {
        "in": {
            "type": "string"
        },
        "sample": {
            "type": "string"
        },
        "cram_fasta": {
            "type": "string"
        },
        "reference_tar": {
            "type": "string"
        },
        "knownsites": {
            "type": "string"
        },
        "knownsites_indexes": {
            "type": "string"
        },
        "calling_intervallist": {
            "type": "string"
        },
        "coverage_intervallist": {
            "type": "string"
        },
        "evaluation_intervallist": {
            "type": "string"
        },
        "precalc_contam": {
            "type": "string"
        },
        "contamination_bed": {
            "type": "string"
        },
        "contamination_mu": {
            "type": "string"
        },
        "contamination_ud": {
            "type": "string"
        },
        "dbsnp_vcf": {
            "type": "string"
        },
        "dbsnp_vcf_index": {
            "type": "string"
        },
        "cutadapt_r1_adapter": {
            "type": "string"
        },
        "cutadapt_r2_adapter": {
            "type": "string"
        },
        "cutadapt_min_len": {
            "type": "string"
        },
        "cutadapt_quality_base": {
            "type": "string"
        },
        "cutadapt_quality_cutoff": {
            "type": "string"
        },
        "wgs_or_wxs": {
            "type": "string"
        },
        "outdir": {
            "type": "string"
        },
        "output_basename": {
            "type": "string"
        },
        "max_memory": {
            "type": "string"
        },
        "max_time": {
            "type": "string"
        },
        "max_cpus": {
            "type": "string"
        }
    }
}